{"nm":"Processing - Success","ddd":0,"h":1000,"w":1000,"meta":{"g":"LottieFiles AE 3.0.2"},"layers":[{"ty":4,"nm":"Shape Layer 8","sr":1,"st":203,"op":563,"ip":203,"hd":false,"ddd":0,"bm":0,"hasMask":false,"ao":0,"ks":{"a":{"a":0,"k":[0,0,0],"ix":1},"s":{"a":0,"k":[85.981,86.139,100],"ix":6},"sk":{"a":0,"k":0},"p":{"a":1,"k":[{"o":{"x":0.123,"y":0},"i":{"x":0,"y":1},"s":[520,662,0],"t":203,"ti":[0,20,0],"to":[0,-20,0]},{"s":[520,542,0],"t":226}],"ix":2},"r":{"a":0,"k":-7.736,"ix":10},"sa":{"a":0,"k":0},"o":{"a":0,"k":100,"ix":11}},"ef":[],"shapes":[{"ty":"gr","bm":0,"hd":false,"mn":"ADBE Vector Group","nm":"Shape 1","ix":1,"cix":2,"np":3,"it":[{"ty":"sh","bm":0,"hd":false,"mn":"ADBE Vector Shape - Group","nm":"Path 1","ix":1,"d":1,"ks":{"a":0,"k":{"c":true,"i":[[166,-202],[-96,-8],[-174,-84],[-224,-34],[-102,88],[214,-136]],"o":[[166,-202],[-96,-8],[-174,-84],[-224,-34],[-102,88],[214,-136]],"v":[[166,-202],[-96,-8],[-174,-84],[-224,-34],[-102,88],[214,-136]]},"ix":2}},{"ty":"fl","bm":0,"hd":false,"mn":"ADBE Vector Graphic - Fill","nm":"Fill 1","c":{"a":0,"k":[0.6118,0.451,0.9725,1],"ix":4},"r":1,"o":{"a":0,"k":100,"ix":5}},{"ty":"tr","a":{"a":0,"k":[0,0],"ix":1},"s":{"a":0,"k":[100,100],"ix":3},"sk":{"a":0,"k":0,"ix":4},"p":{"a":0,"k":[0,0],"ix":2},"r":{"a":0,"k":0,"ix":6},"sa":{"a":0,"k":0,"ix":5},"o":{"a":0,"k":100,"ix":7}}]}],"ind":1,"completed":true},{"ty":4,"nm":"Shape Layer 9","sr":1,"st":197,"op":557,"ip":197,"hd":false,"ddd":0,"bm":0,"hasMask":false,"td":1,"ao":0,"ks":{"a":{"a":0,"k":[-624,-560,0],"ix":1},"s":{"a":1,"k":[{"o":{"x":0.799,"y":0},"i":{"x":0.467,"y":1},"s":[0,0,100],"t":197},{"o":{"x":0.235,"y":0},"i":{"x":0.383,"y":1},"s":[110,110,100],"t":217},{"s":[100,100,100],"t":233}],"ix":6},"sk":{"a":0,"k":0},"p":{"a":0,"k":[508,492,0],"ix":2},"r":{"a":0,"k":0,"ix":10},"sa":{"a":0,"k":0},"o":{"a":0,"k":100,"ix":11}},"ef":[],"shapes":[{"ty":"gr","bm":0,"hd":false,"mn":"ADBE Vector Group","nm":"Ellipse 1","ix":1,"cix":2,"np":3,"it":[{"ty":"el","bm":0,"hd":false,"mn":"ADBE Vector Shape - Ellipse","nm":"Ellipse Path 1","d":1,"p":{"a":0,"k":[0,0],"ix":3},"s":{"a":0,"k":[621.562,621.562],"ix":2}},{"ty":"fl","bm":0,"hd":false,"mn":"ADBE Vector Graphic - Fill","nm":"Fill 1","c":{"a":0,"k":[0.9294,0.3137,0.6196,1],"ix":4},"r":1,"o":{"a":0,"k":100,"ix":5}},{"ty":"tr","a":{"a":0,"k":[0,0],"ix":1},"s":{"a":0,"k":[100,100],"ix":3},"sk":{"a":0,"k":0,"ix":4},"p":{"a":0,"k":[-625.219,-561.219],"ix":2},"r":{"a":0,"k":0,"ix":6},"sa":{"a":0,"k":0,"ix":5},"o":{"a":0,"k":100,"ix":7}}]}],"ind":2,"completed":true},{"ty":4,"nm":"Shape Layer 7","sr":1,"st":197,"op":557,"ip":197,"hd":false,"ddd":0,"bm":0,"tt":1,"hasMask":false,"ao":0,"ks":{"a":{"a":0,"k":[-624,-560,0],"ix":1},"s":{"a":0,"k":[110.337,110.337,100],"ix":6},"sk":{"a":0,"k":0},"p":{"a":0,"k":[508,492,0],"ix":2},"r":{"a":0,"k":0,"ix":10},"sa":{"a":0,"k":0},"o":{"a":0,"k":100,"ix":11}},"ef":[],"shapes":[{"ty":"gr","bm":0,"hd":false,"mn":"ADBE Vector Group","nm":"Ellipse 1","ix":1,"cix":2,"np":3,"it":[{"ty":"el","bm":0,"hd":false,"mn":"ADBE Vector Shape - Ellipse","nm":"Ellipse Path 1","d":1,"p":{"a":0,"k":[0,0],"ix":3},"s":{"a":0,"k":[621.562,621.562],"ix":2}},{"ty":"fl","bm":0,"hd":false,"mn":"ADBE Vector Graphic - Fill","nm":"Fill 1","c":{"a":0,"k":[0.9294,0.3137,0.6196,1],"ix":4},"r":1,"o":{"a":0,"k":100,"ix":5}},{"ty":"tr","a":{"a":0,"k":[0,0],"ix":1},"s":{"a":0,"k":[100,100],"ix":3},"sk":{"a":0,"k":0,"ix":4},"p":{"a":0,"k":[-625.219,-561.219],"ix":2},"r":{"a":0,"k":0,"ix":6},"sa":{"a":0,"k":0,"ix":5},"o":{"a":0,"k":100,"ix":7}}]}],"ind":3,"completed":true},{"ty":4,"nm":"Shape Layer 6","sr":1,"st":0,"op":240.24024024024,"ip":0,"hd":false,"ddd":0,"bm":0,"hasMask":false,"ao":0,"ks":{"a":{"a":0,"k":[0,0,0],"ix":1},"s":{"a":0,"k":[100,100,100],"ix":6},"sk":{"a":0,"k":0},"p":{"a":0,"k":[500,500,0],"ix":2},"r":{"a":0,"k":0,"ix":10},"sa":{"a":0,"k":0},"o":{"a":0,"k":100,"ix":11}},"ef":[],"shapes":[],"ind":4,"completed":true},{"ty":4,"nm":"Shape Layer 3","sr":1,"st":142.142142142142,"op":240.24024024024,"ip":112.112112112112,"hd":false,"ddd":0,"bm":1,"hasMask":false,"ao":0,"ks":{"a":{"a":0,"k":[0,0,0],"ix":1},"s":{"a":1,"k":[{"o":{"x":0.167,"y":0},"i":{"x":0.833,"y":1},"s":[0,0,100],"t":122.123},{"o":{"x":0.167,"y":0},"i":{"x":0,"y":1},"s":[25.086,25.086,100],"t":134.134},{"o":{"x":0.167,"y":0},"i":{"x":0,"y":1},"s":[18.086,18.086,100],"t":158.158},{"o":{"x":0.666,"y":0},"i":{"x":0.381,"y":1},"s":[18.086,18.086,100],"t":178.177},{"o":{"x":0.167,"y":0},"i":{"x":0.833,"y":1},"s":[25.086,25.086,100],"t":192.193},{"o":{"x":0.167,"y":0},"i":{"x":0.833,"y":1},"s":[18.086,18.086,100],"t":212.212},{"s":[18.086,18.086,100],"t":220.220267142142}],"ix":6},"sk":{"a":0,"k":0},"p":{"a":0,"k":[287,500,0],"ix":2},"r":{"a":0,"k":345.715,"ix":10},"sa":{"a":0,"k":0},"o":{"a":0,"k":100,"ix":11}},"ef":[],"shapes":[{"ty":"gr","bm":0,"hd":false,"mn":"ADBE Vector Group","nm":"Ellipse 1","ix":1,"cix":2,"np":3,"it":[{"ty":"el","bm":0,"hd":false,"mn":"ADBE Vector Shape - Ellipse","nm":"Ellipse Path 1","d":1,"p":{"a":0,"k":[0,0],"ix":3},"s":{"a":0,"k":[1080.246,1080.246],"ix":2}},{"ty":"fl","bm":0,"hd":false,"mn":"ADBE Vector Graphic - Fill","nm":"Fill 1","c":{"a":0,"k":[0.9294,0.3137,0.6196,1],"ix":4},"r":1,"o":{"a":0,"k":100,"ix":5}},{"ty":"tr","a":{"a":0,"k":[0,0],"ix":1},"s":{"a":0,"k":[70.572,70.572],"ix":3},"sk":{"a":0,"k":0,"ix":4},"p":{"a":0,"k":[0.123,-2.877],"ix":2},"r":{"a":0,"k":1173.945,"ix":6},"sa":{"a":0,"k":0,"ix":5},"o":{"a":0,"k":100,"ix":7}}]},{"ty":"tm","bm":0,"hd":false,"mn":"ADBE Vector Filter - Trim","nm":"Trim Paths 1","ix":2,"e":{"a":1,"k":[{"o":{"x":0.167,"y":0},"i":{"x":0.833,"y":1},"s":[100],"t":172},{"s":[0],"t":202.999564017142}],"ix":2},"o":{"a":0,"k":0,"ix":3},"s":{"a":1,"k":[{"o":{"x":0.167,"y":0.167},"i":{"x":0.833,"y":0.833},"s":[0],"t":172.171},{"s":[0],"t":226.226126517142}],"ix":1},"m":1}],"ind":5,"completed":true},{"ty":4,"nm":"Shape Layer 4","sr":1,"st":142.142142142142,"op":240.24024024024,"ip":112.112112112112,"hd":false,"ddd":0,"bm":1,"hasMask":false,"ao":0,"ks":{"a":{"a":0,"k":[0,0,0],"ix":1},"s":{"a":1,"k":[{"o":{"x":0.167,"y":0},"i":{"x":0.833,"y":1},"s":[0,0,100],"t":128.128},{"o":{"x":0.167,"y":0},"i":{"x":0.833,"y":1},"s":[25.086,25.086,100],"t":150.15},{"o":{"x":0.167,"y":0},"i":{"x":0.833,"y":1},"s":[18.086,18.086,100],"t":168.168},{"o":{"x":0.167,"y":0},"i":{"x":0.833,"y":1},"s":[18.086,18.086,100],"t":186.187},{"o":{"x":0.167,"y":0},"i":{"x":0.833,"y":1},"s":[25.086,25.086,100],"t":200.201},{"s":[18.086,18.086,100],"t":220.220267142142}],"ix":6},"sk":{"a":0,"k":0},"p":{"a":0,"k":[502,500,0],"ix":2},"r":{"a":0,"k":345.715,"ix":10},"sa":{"a":0,"k":0},"o":{"a":0,"k":100,"ix":11}},"ef":[],"shapes":[{"ty":"gr","bm":0,"hd":false,"mn":"ADBE Vector Group","nm":"Ellipse 1","ix":1,"cix":2,"np":3,"it":[{"ty":"el","bm":0,"hd":false,"mn":"ADBE Vector Shape - Ellipse","nm":"Ellipse Path 1","d":1,"p":{"a":0,"k":[0,0],"ix":3},"s":{"a":0,"k":[1080.246,1080.246],"ix":2}},{"ty":"fl","bm":0,"hd":false,"mn":"ADBE Vector Graphic - Fill","nm":"Fill 1","c":{"a":0,"k":[0.9294,0.3137,0.6196,1],"ix":4},"r":1,"o":{"a":0,"k":100,"ix":5}},{"ty":"tr","a":{"a":0,"k":[0,0],"ix":1},"s":{"a":0,"k":[70.572,70.572],"ix":3},"sk":{"a":0,"k":0,"ix":4},"p":{"a":0,"k":[0.123,-2.877],"ix":2},"r":{"a":0,"k":1173.945,"ix":6},"sa":{"a":0,"k":0,"ix":5},"o":{"a":0,"k":100,"ix":7}}]},{"ty":"tm","bm":0,"hd":false,"mn":"ADBE Vector Filter - Trim","nm":"Trim Paths 1","ix":2,"e":{"a":0,"k":100,"ix":2},"o":{"a":0,"k":0,"ix":3},"s":{"a":0,"k":0,"ix":1},"m":1},{"ty":"tm","bm":0,"hd":false,"mn":"ADBE Vector Filter - Trim","nm":"Trim Paths 2","ix":3,"e":{"a":1,"k":[{"o":{"x":0.167,"y":0},"i":{"x":0.833,"y":1},"s":[100],"t":172},{"s":[0],"t":202.999564017142}],"ix":2},"o":{"a":0,"k":0,"ix":3},"s":{"a":0,"k":0,"ix":1},"m":1}],"ind":6,"completed":true},{"ty":4,"nm":"Shape Layer 5","sr":1,"st":142.142142142142,"op":240.24024024024,"ip":112.112112112112,"hd":false,"ddd":0,"bm":1,"hasMask":false,"ao":0,"ks":{"a":{"a":0,"k":[0,0,0],"ix":1},"s":{"a":1,"k":[{"o":{"x":0.167,"y":0},"i":{"x":0.833,"y":1},"s":[0,0,100],"t":132.132},{"o":{"x":0.209,"y":0},"i":{"x":0.565,"y":1},"s":[18.086,18.086,100],"t":150.15},{"o":{"x":0.327,"y":0},"i":{"x":0.833,"y":1},"s":[25.086,25.086,100],"t":164.164},{"o":{"x":0.209,"y":0},"i":{"x":0.833,"y":1},"s":[18.086,18.086,100],"t":182.183},{"o":{"x":0.209,"y":0},"i":{"x":0.565,"y":1},"s":[18.086,18.086,100],"t":194.195},{"o":{"x":0.327,"y":0},"i":{"x":0.843,"y":1},"s":[25.086,25.086,100],"t":208.209},{"s":[18.086,18.086,100],"t":224.224173392142}],"ix":6},"sk":{"a":0,"k":0},"p":{"a":0,"k":[724,500,0],"ix":2},"r":{"a":0,"k":345.715,"ix":10},"sa":{"a":0,"k":0},"o":{"a":0,"k":100,"ix":11}},"ef":[],"shapes":[{"ty":"gr","bm":0,"hd":false,"mn":"ADBE Vector Group","nm":"Ellipse 1","ix":1,"cix":2,"np":3,"it":[{"ty":"el","bm":0,"hd":false,"mn":"ADBE Vector Shape - Ellipse","nm":"Ellipse Path 1","d":1,"p":{"a":0,"k":[0,0],"ix":3},"s":{"a":0,"k":[1080.246,1080.246],"ix":2}},{"ty":"fl","bm":0,"hd":false,"mn":"ADBE Vector Graphic - Fill","nm":"Fill 1","c":{"a":0,"k":[0.9294,0.3137,0.6196,1],"ix":4},"r":1,"o":{"a":0,"k":100,"ix":5}},{"ty":"tr","a":{"a":0,"k":[0,0],"ix":1},"s":{"a":0,"k":[70.572,70.572],"ix":3},"sk":{"a":0,"k":0,"ix":4},"p":{"a":0,"k":[0.123,-2.877],"ix":2},"r":{"a":0,"k":1173.945,"ix":6},"sa":{"a":0,"k":0,"ix":5},"o":{"a":0,"k":100,"ix":7}}]},{"ty":"tm","bm":0,"hd":false,"mn":"ADBE Vector Filter - Trim","nm":"Trim Paths 1","ix":2,"e":{"a":0,"k":100,"ix":2},"o":{"a":0,"k":0,"ix":3},"s":{"a":0,"k":0,"ix":1},"m":1},{"ty":"tm","bm":0,"hd":false,"mn":"ADBE Vector Filter - Trim","nm":"Trim Paths 2","ix":3,"e":{"a":1,"k":[{"o":{"x":0.158,"y":0},"i":{"x":0.635,"y":0.606},"s":[100],"t":172},{"o":{"x":0.438,"y":-45.242},"i":{"x":0.811,"y":1},"s":[0],"t":212},{"s":[0],"t":250.249564017142}],"ix":2},"o":{"a":0,"k":0,"ix":3},"s":{"a":0,"k":0,"ix":1},"m":1}],"ind":7,"completed":true},{"ty":4,"nm":"Shape Layer 2","sr":1,"st":0,"op":240.24024024024,"ip":116.116116116116,"hd":false,"ddd":0,"bm":0,"hasMask":false,"ao":0,"ks":{"a":{"a":0,"k":[379.932,12.321,0],"ix":1},"s":{"a":1,"k":[{"o":{"x":0.333,"y":0},"i":{"x":0.667,"y":1},"s":[0,0,100],"t":0},{"o":{"x":0.333,"y":0},"i":{"x":0.833,"y":1},"s":[100,100,100],"t":20.02},{"o":{"x":0.167,"y":0},"i":{"x":0.833,"y":1},"s":[90,90,100],"t":30.029},{"o":{"x":1,"y":0},"i":{"x":0.833,"y":1},"s":[90,90,100],"t":116.115},{"s":[0,0,100],"t":140.140625}],"ix":6},"sk":{"a":0,"k":0},"p":{"a":1,"k":[{"o":{"x":0.167,"y":0.167},"i":{"x":0.833,"y":0.833},"s":[842,606,0],"t":116.115,"ti":[0,27,0],"to":[0,-27,0]},{"s":[842,444,0],"t":150.150390625}],"ix":2},"r":{"a":1,"k":[{"o":{"x":0.333,"y":0},"i":{"x":0.235,"y":1},"s":[624.93],"t":0},{"o":{"x":0.642,"y":0},"i":{"x":0.549,"y":1},"s":[350.93],"t":68.068},{"s":[363.93],"t":142.142578125}],"ix":10},"sa":{"a":0,"k":0},"o":{"a":0,"k":100,"ix":11}},"ef":[],"shapes":[{"ty":"gr","bm":0,"hd":false,"mn":"ADBE Vector Group","nm":"Ellipse 1","ix":1,"cix":2,"np":3,"it":[{"ty":"el","bm":0,"hd":false,"mn":"ADBE Vector Shape - Ellipse","nm":"Ellipse Path 1","d":1,"p":{"a":0,"k":[0,0],"ix":3},"s":{"a":0,"k":[1080.246,1080.246],"ix":2}},{"ty":"fl","bm":0,"hd":false,"mn":"ADBE Vector Graphic - Fill","nm":"Fill 1","c":{"a":0,"k":[0.9294,0.3137,0.6196,1],"ix":4},"r":1,"o":{"a":0,"k":100,"ix":5}},{"ty":"tr","a":{"a":0,"k":[0,0],"ix":1},"s":{"a":0,"k":[70.572,70.572],"ix":3},"sk":{"a":0,"k":0,"ix":4},"p":{"a":0,"k":[0.123,-2.877],"ix":2},"r":{"a":0,"k":1173.945,"ix":6},"sa":{"a":0,"k":0,"ix":5},"o":{"a":0,"k":100,"ix":7}}]},{"ty":"tm","bm":0,"hd":false,"mn":"ADBE Vector Filter - Trim","nm":"Trim Paths 1","ix":2,"e":{"a":1,"k":[{"o":{"x":0.167,"y":0},"i":{"x":0.667,"y":1},"s":[50],"t":0},{"s":[50],"t":60.060546875}],"ix":2},"o":{"a":0,"k":0,"ix":3},"s":{"a":0,"k":0,"ix":1},"m":1}],"ind":8,"completed":true},{"ty":4,"nm":"Shape Layer 1","sr":1,"st":0,"op":116.116116116116,"ip":0,"hd":false,"ddd":0,"bm":0,"hasMask":false,"ao":0,"ks":{"a":{"a":0,"k":[0,0,0],"ix":1},"s":{"a":1,"k":[{"o":{"x":0.333,"y":0},"i":{"x":0.667,"y":1},"s":[0,0,100],"t":0},{"o":{"x":0.333,"y":0},"i":{"x":0.833,"y":1},"s":[100,100,100],"t":20.02},{"s":[90,90,100],"t":30.029296875}],"ix":6},"sk":{"a":0,"k":0},"p":{"a":1,"k":[{"o":{"x":0.614,"y":0},"i":{"x":0.371,"y":1},"s":[500,540,0],"t":104.104,"ti":null,"to":null},{"o":{"x":0.474,"y":0},"i":{"x":0.833,"y":0.833},"s":[500,606,0],"t":116,"ti":null,"to":null},{"s":[500,470,0],"t":140.140625}],"ix":2},"r":{"a":1,"k":[{"o":{"x":0.333,"y":0},"i":{"x":0.235,"y":1},"s":[624.93],"t":0},{"o":{"x":0.594,"y":0},"i":{"x":0.797,"y":0.596},"s":[339.93],"t":68.068},{"o":{"x":0.247,"y":0.681},"i":{"x":0.494,"y":1},"s":[356.611],"t":114.113},{"s":[363.93],"t":142.142578125}],"ix":10},"sa":{"a":0,"k":0},"o":{"a":0,"k":100,"ix":11}},"ef":[],"shapes":[{"ty":"gr","bm":0,"hd":false,"mn":"ADBE Vector Group","nm":"Ellipse 1","ix":1,"cix":2,"np":3,"it":[{"ty":"el","bm":0,"hd":false,"mn":"ADBE Vector Shape - Ellipse","nm":"Ellipse Path 1","d":1,"p":{"a":0,"k":[0,0],"ix":3},"s":{"a":0,"k":[1080.246,1080.246],"ix":2},"_render":true},{"ty":"fl","bm":0,"hd":false,"mn":"ADBE Vector Graphic - Fill","nm":"Fill 1","c":{"a":0,"k":[0.9294,0.3137,0.6196,1],"ix":4},"r":1,"o":{"a":0,"k":100,"ix":5},"_render":true},{"ty":"tr","a":{"a":0,"k":[0,0],"ix":1},"s":{"a":0,"k":[70.572,70.572],"ix":3},"sk":{"a":0,"k":0,"ix":4},"p":{"a":0,"k":[0.123,-2.877],"ix":2},"r":{"a":0,"k":1173.945,"ix":6},"sa":{"a":0,"k":0,"ix":5},"o":{"a":0,"k":100,"ix":7},"_render":true}],"_render":true},{"ty":"tm","bm":0,"hd":false,"mn":"ADBE Vector Filter - Trim","nm":"Trim Paths 1","ix":2,"e":{"a":1,"k":[{"o":{"x":0.167,"y":0},"i":{"x":0.667,"y":1},"s":[50],"t":0},{"s":[50],"t":60.060546875}],"ix":2},"o":{"a":0,"k":0,"ix":3},"s":{"a":0,"k":0,"ix":1},"m":1,"_render":true}],"ind":9,"completed":true},{"ty":4,"nm":"COIN","sr":1,"st":0,"op":108.108108108108,"ip":34.034034034034,"hd":false,"ddd":0,"bm":0,"hasMask":false,"ao":0,"ks":{"a":{"a":0,"k":[0,0,0],"ix":1},"s":{"a":0,"k":[204.134,204.134,100],"ix":6},"sk":{"a":0,"k":0},"p":{"a":1,"k":[{"o":{"x":0.333,"y":0},"i":{"x":0,"y":1},"s":[425.5,672,0],"t":34.033,"ti":[77,37.5,0],"to":[340,-118.5,0]},{"h":1,"s":[503.5,213,0],"t":74.074},{"o":{"x":1,"y":0},"i":{"x":0.667,"y":1},"s":[503.5,213,0],"t":86.086,"ti":[0,-5,0],"to":[0,-0.5,0]},{"s":[503.5,696,0],"t":110.109375}],"ix":2},"r":{"a":0,"k":0,"ix":10},"sa":{"a":0,"k":0},"o":{"a":0,"k":100,"ix":11}},"ef":[],"shapes":[{"ty":"gr","bm":0,"hd":false,"mn":"ADBE Vector Group","nm":"Vector","ix":1,"cix":2,"np":2,"it":[{"ty":"sh","bm":0,"hd":false,"mn":"ADBE Vector Shape - Group","nm":"Path 1","ix":1,"d":1,"ks":{"a":0,"k":{"c":true,"i":[[-42.802,76],[77.5,41.974],[42.802,-76],[-77.5,-41.974]],"o":[[42.802,76],[77.5,-41.974],[-42.802,-76],[-77.5,41.974]],"v":[[0,76],[77.5,0],[0,-76],[-77.5,0]]},"ix":2}},{"ty":"fl","bm":0,"hd":false,"mn":"ADBE Vector Graphic - Fill","nm":"Fill 1","c":{"a":1,"k":[{"o":{"x":0.167,"y":0.167},"i":{"x":0.833,"y":0.833},"s":[0.9294,0.3137,0.6196,1],"t":34.033},{"o":{"x":0.167,"y":0.167},"i":{"x":0.833,"y":0.833},"s":[0.9294,0.3137,0.6196,1],"t":54.055},{"o":{"x":0.167,"y":0.167},"i":{"x":0.833,"y":0.833},"s":[0.9294,0.3137,0.6196,1],"t":96.096},{"s":[0.9294,0.3137,0.6196,1],"t":108.107421875}],"ix":4},"r":1,"o":{"a":0,"k":100,"ix":5}},{"ty":"tr","a":{"a":0,"k":[0,0],"ix":1},"s":{"a":0,"k":[100,100],"ix":3},"sk":{"a":0,"k":0,"ix":4},"p":{"a":0,"k":[0,0],"ix":2},"r":{"a":0,"k":0,"ix":6},"sa":{"a":0,"k":0,"ix":5},"o":{"a":0,"k":100,"ix":7}}]}],"ind":10,"completed":true}],"v":"4.8.0","fr":60,"op":360,"ip":0,"assets":[],"__complete":true}